,Date,Open,High,Low,Adj Close,Volume,Dividends,Change,Dollar,Dollar_rate,S&P500,DJIA,Nasdaq,interest,SamSung_close
0,2020-01-02,55500,56000,55000,52058.13281,12993228,0,-1.08,1157.8,0,3221.290039,28462.14063,8945.990234,1.894999981,55200
1,2020-01-03,56000,56600,54900,52341.05469,15422255,0,0.54,1156.9,-0.08,3257.850098,28868.80078,9092.19043,1.881999969,55500
2,2020-01-06,54900,55600,54600,52341.05469,10278951,0,0,1162.7,0.5,3234.850098,28634.88086,9020.769531,1.787999988,55500
3,2020-01-07,55700,56400,55600,52623.98438,10009778,0,0.54,1169.6,0.59,3246.280029,28703.38086,9071.469727,1.81099999,55800
4,2020-01-08,56200,57400,55900,53567.05859,23501171,0,1.79,1165.3,-0.37,3237.179932,28583.67969,9068.580078,1.827000022,56800
5,2020-01-09,58400,58600,57400,55264.60938,24102579,0,3.17,1174.1,0.75,3253.050049,28745.08984,9129.240234,1.873999953,58600
6,2020-01-10,58800,59700,58300,56113.37891,16000170,0,1.54,1160,-1.22,3274.699951,28956.90039,9203.429688,1.85800004,59500
7,2020-01-13,59600,60000,59100,56584.92578,11359139,0,0.84,1161.1,0.09,3265.350098,28823.76953,9178.860352,1.825000048,60000
8,2020-01-14,60400,61000,59900,56584.92578,16906295,0,0,1155.7,-0.47,3288.129883,28907.05078,9273.929688,1.84800005,60000
9,2020-01-15,59500,59600,58900,55641.83984,14300928,0,-1.67,1153.1,-0.23,3283.149902,28939.66992,9251.330078,1.817999959,59000
10,2020-01-16,59100,60700,59000,57245.08594,14381774,0,2.88,1158.8,0.49,3289.290039,29030.2207,9258.700195,1.787999988,60700
11,2020-01-17,61900,62000,61000,57810.92969,16025661,0,0.99,1159.6,0.07,3316.810059,29297.64063,9357.129883,1.809000015,61300
12,2020-01-20,62000,62800,61700,58848.32031,12528855,0,1.79,1158.8,-0.07,3329.620117,29348.09961,9388.94043,1.835999966,62400
13,2020-01-21,62000,62400,61200,57905.23438,11142693,0,-1.6,1158.8,0,3329.620117,29348.09961,9388.94043,,61400
14,2020-01-22,60500,62600,60400,58754.01172,15339565,0,1.47,1164.7,0.51,3320.790039,29196.03906,9370.80957,1.769000053,62300
15,2020-01-23,61800,61800,60700,57339.39453,14916555,0,-2.41,1165.1,0.03,3321.75,29186.26953,9383.769531,1.769000053,60800
16,2020-01-28,59400,59400,58300,55453.22656,23664541,0,-3.29,1167.2,0.18,3325.540039,29160.08984,9402.480469,1.74000001,58800
17,2020-01-29,59100,59700,58800,55736.15234,16446102,0,0.51,1176.7,0.81,3276.23999,28722.84961,9269.679688,1.641000032,59100
18,2020-01-30,58800,58800,56800,53944.29688,20821939,0,-3.21,1176,-0.06,3273.399902,28734.44922,9275.160156,1.593999982,57200
19,2020-01-31,57800,58400,56400,53189.83203,19749457,0,-1.4,1183.5,0.63,3283.659912,28859.43945,9298.929688,1.557999969,56400
20,2020-02-03,55500,57400,55200,53944.29688,23995260,0,1.42,1187.8,0.36,3225.52002,28256.0293,9150.94043,1.519999981,57200
21,2020-02-04,57100,59000,56800,55547.53906,21800192,0,2.97,1196,0.69,3248.919922,28399.81055,9273.400391,1.519999981,58900
22,2020-02-05,60000,60200,58900,56113.37891,19278165,0,1.02,1189.4,-0.55,3297.590088,28807.63086,9467.969727,1.603000045,59500
23,2020-02-06,60100,61100,59700,57622.30859,14727159,0,2.69,1188.5,-0.08,3334.689941,29290.84961,9508.679688,1.649000049,61100
24,2020-02-07,61100,61200,59700,56962.16016,16402493,0,-1.15,1181.4,-0.6,3345.780029,29379.76953,9572.150391,1.644000053,60400
25,2020-02-10,59200,59800,59100,56302.00391,13107121,0,-1.16,1187.2,0.49,3327.709961,29102.50977,9520.509766,1.577999949,59700
26,2020-02-11,59800,60700,59700,56490.61719,11071231,0,0.34,1189.8,0.22,3352.090088,29276.82031,9628.389648,1.547000051,59900
27,2020-02-12,60300,60700,59700,57056.46875,12904207,0,1,1184.1,-0.48,3357.75,29276.33984,9638.94043,1.590000033,60500
28,2020-02-13,61200,61600,60500,57245.08594,18449775,0,0.33,1179.8,-0.36,3379.449951,29551.41992,9725.959961,1.629999995,60700
29,2020-02-14,60900,61900,60200,58282.47266,13276067,0,1.81,1181.5,0.14,3373.939941,29423.31055,9711.969727,1.616999984,61800
30,2020-02-17,61600,62000,61200,57999.55078,8740596,0,-0.49,1183.5,0.17,3380.159912,29398.08008,9731.179688,1.588000059,61500
31,2020-02-18,60800,60900,59700,56396.30859,16674266,0,-2.76,1182.2,-0.11,3380.159912,29398.08008,9731.179688,,59800
32,2020-02-19,59800,60400,59400,56773.54688,12951496,0,0.67,1188.1,0.5,3370.290039,29232.18945,9732.740234,1.555999994,60200
33,2020-02-20,60700,61300,59600,56584.92578,14591924,0,-0.33,1190.8,0.23,3386.149902,29348.0293,9817.179688,1.570000052,60000
34,2020-02-21,58800,59800,58500,55830.46094,13777393,0,-1.33,1197,0.52,3373.22998,29219.98047,9750.969727,1.524999976,59200
35,2020-02-24,57400,58100,56800,53567.05859,25627537,0,-4.05,1205.6,0.71,3337.75,28992.41016,9576.589844,1.470999956,56800
36,2020-02-25,56200,58000,56200,54604.45703,23885408,0,1.94,1217.7,0.99,3225.889893,27960.80078,9221.280273,1.376999974,57900
37,2020-02-26,56000,57000,56000,53284.13672,25483102,0,-2.42,1212.7,-0.41,3128.209961,27081.35938,8965.610352,1.330000043,56500
38,2020-02-27,56300,56900,55500,52718.28906,23209541,0,-1.06,1216.8,0.34,3116.389893,26957.58984,8980.780273,1.309999943,55900
39,2020-02-28,55000,55500,54200,51115.05078,30054227,0,-3.04,1215.9,-0.07,2978.76001,25766.64063,8566.480469,1.299000025,54200
40,2020-03-02,54300,55500,53600,51869.51563,30403412,0,1.48,1215.3,-0.05,2954.219971,25409.35938,8567.370117,1.126999974,55000
41,2020-03-03,56700,56900,55100,52246.74609,30330295,0,0.73,1200.3,-1.25,3090.22998,26703.32031,8952.169922,1.088000059,55400
42,2020-03-04,54800,57600,54600,54132.91406,24765728,0,3.61,1191.4,-0.75,3003.370117,25917.41016,8684.089844,1.00999999,57400
43,2020-03-05,57600,58000,56700,54510.14063,21698990,0,0.7,1186.4,-0.42,3130.120117,27090.85938,9018.089844,0.991999984,57800
44,2020-03-06,56500,57200,56200,53284.13672,18716656,0,-2.25,1185,-0.12,3023.939941,26121.2793,8738.589844,0.925999999,56500
45,2020-03-09,56500,56500,56500,53284.13672,0,0,-4.07,1191.4,0.54,2972.370117,25864.7793,8575.620117,0.70599997,56500
46,2020-03-10,53800,54900,53700,51492.28125,32106554,0,0.74,1201.4,0.83,2746.560059,23851.01953,7950.680176,0.499000013,54600
47,2020-03-11,54300,54400,52000,49134.58203,45707281,0,-4.58,1196.7,-0.39,2882.22998,25018.16016,8344.25,0.748000026,52100
48,2020-03-12,52100,52100,52100,49134.58203,0,0,-2.5,1192.8,-0.33,2741.379883,23553.2207,7952.049805,0.819999993,52100
49,2020-03-13,47450,51600,46850,47106.95313,59462933,0,-1.67,1202,0.77,2480.639893,21200.61914,7201.799805,0.848999977,49950
50,2020-03-16,50100,50900,48800,46116.71094,33339821,0,-2.1,1222.2,1.65,2711.02002,23185.61914,7874.879883,0.950999975,48900
51,2020-03-17,46900,49650,46700,44607.78516,51218151,0,-3.27,1219.6,-0.21,2386.129883,20188.51953,6904.589844,0.727999985,47300
52,2020-03-18,47750,48350,45600,43004.54297,40152623,0,-3.59,1241.2,1.74,2529.189941,21237.38086,7334.779785,0.996999979,45600
53,2020-03-19,46400,46650,42300,40505.37109,56925513,0,-5.81,1237.8,-0.27,2398.100098,19898.91992,6989.839844,1.266000032,42950
54,2020-03-20,44150,45500,43550,42815.92578,49730008,0,5.7,1280.1,3.3,2409.389893,20087.18945,7150.580078,1.118999958,45400
55,2020-03-23,42600,43550,42400,40080.98828,41701626,0,-6.39,1254.1,-2.07,2304.919922,19173.98047,6879.52002,0.938000023,42500
56,2020-03-24,43850,46950,43050,44277.70703,49801908,0,10.47,1274.6,1.61,2237.399902,18591.92969,6860.669922,0.763999999,46950
57,2020-03-25,48950,49600,47150,45880.94141,52735922,0,3.62,1256,-1.48,2447.330078,20704.91016,7417.859863,0.815999985,48650
58,2020-03-26,49000,49300,47700,45079.32813,42185129,0,-1.75,1230.7,-2.06,2475.560059,21200.55078,7384.299805,0.85799998,47800
59,2020-03-27,49600,49700,46850,45550.86719,39896178,0,1.05,1227.9,-0.23,2630.070068,22552.16992,7797.540039,0.81099999,48300
60,2020-03-30,47050,48350,46550,45459.66406,26797395,354,-0.93,1212.4,-1.28,2541.469971,21636.7793,7502.379883,0.749000013,47850
61,2020-03-31,48000,48500,47150,45364.65625,30654261,0,-0.21,1222.6,0.83,2626.649902,22327.48047,7774.149902,0.670000017,47750
62,2020-04-01,47450,47900,45800,43512.07031,27259532,0,-4.08,1220,-0.21,2584.590088,21917.16016,7700.100098,0.698000014,45800
63,2020-04-02,46200,46850,45350,44462.11328,21621076,0,2.18,1222.2,0.18,2470.5,20943.50977,7360.580078,0.63499999,46800
64,2020-04-03,47400,47600,46550,44652.12109,22784682,0,0.43,1237.6,1.24,2526.899902,21413.43945,7487.310059,0.626999974,47000
65,2020-04-06,47500,48800,47250,46267.19531,23395726,0,3.62,1229.8,-0.63,2488.649902,21052.5293,7373.080078,0.587000012,48700
66,2020-04-07,49650,50200,49000,47122.23828,31524034,0,1.85,1233.4,0.29,2663.679932,22679.99023,7913.240234,0.675999999,49600
67,2020-04-08,49600,49750,48600,46172.19531,25010314,0,-2.02,1222.4,-0.9,2659.409912,22653.85938,7887.259766,0.736000001,48600
68,2020-04-09,49750,49800,48700,46647.21484,22628058,0,1.03,1219.7,-0.22,2749.97998,23433.57031,8090.899902,0.763999999,49100
69,2020-04-10,48950,49250,48650,46789.72656,17839111,0,0.31,1216.4,-0.27,2789.820068,23719.36914,8153.580078,0.728999972,49250
70,2020-04-13,48650,48900,48300,45887.17969,14431800,0,-1.93,1212.3,-0.34,2789.820068,23719.36914,8153.580078,,48300
71,2020-04-14,48800,49200,48300,46552.20703,14206216,0,1.45,1218.7,0.53,2761.629883,23390.76953,8192.419922,0.749000013,49000
72,2020-04-16,49350,49350,48550,46552.20703,23349760,0,0,1216.7,-0.16,2846.060059,23949.75977,8515.740234,0.751999974,49000
73,2020-04-17,50800,52000,50300,48832.3125,32041675,0,4.9,1227.5,0.88,2799.550049,23537.67969,8532.360352,0.609000027,51400
74,2020-04-20,51400,51400,50000,47597.25781,21866354,0,-2.53,1219.3,-0.67,2874.560059,24242.49023,8650.139648,0.653999984,50100
75,2020-04-21,49400,49700,48700,46789.72656,27407543,0,-1.7,1218.7,-0.05,2823.159912,23650.43945,8560.730469,0.625999987,49250
76,2020-04-22,48700,50000,48350,47359.75391,18613864,0,1.22,1231.3,1.02,2736.560059,23018.88086,8263.230469,0.57099998,49850
77,2020-04-23,50200,50300,49500,47359.75391,18754442,0,0,1235.2,0.32,2799.310059,23475.82031,8495.379883,0.619000018,49850
78,2020-04-24,49650,49750,49000,46884.72656,15618347,0,-1,1232,-0.26,2797.800049,23515.25977,8494.75,0.612999976,49350
79,2020-04-27,49350,50000,49100,47359.75391,14049471,0,1.01,1235.8,0.31,2836.73999,23775.26953,8634.519531,0.596000016,49850
80,2020-04-28,49850,50100,49300,47597.25781,16095399,0,0.5,1230.3,-0.45,2878.47998,24133.7793,8730.160156,0.656000018,50100
81,2020-04-29,49900,50500,49600,47502.25781,15604533,0,-0.2,1225.2,-0.42,2863.389893,24101.55078,8607.730469,0.610000014,50000
82,2020-05-04,48900,49100,48500,46077.1875,26083749,0,-3,1218.5,-0.55,2939.51001,24633.85938,8914.709961,0.626999974,48500
83,2020-05-06,49000,49200,48500,46742.22266,18070225,0,1.44,1227.8,0.76,2842.73999,23749.75977,8710.709961,0.637000024,49200
84,2020-05-07,49200,49300,48700,46362.19922,13884411,0,-0.81,1223.3,-0.37,2848.419922,23664.64063,8854.389648,0.711000025,48800
85,2020-05-08,49100,49350,48800,46362.19922,15319700,0,0,1226.5,0.26,2881.189941,23875.89063,8979.660156,0.630999982,48800
86,2020-05-11,48900,49250,48300,45982.18359,16357743,0,-0.82,1217.7,-0.72,2929.800049,24331.32031,9121.320313,0.681999981,48400
87,2020-05-12,48400,48500,47550,45507.16016,23433590,0,-1.03,1217.8,0.01,2930.189941,24221.99023,9192.339844,0.726000011,47900
88,2020-05-13,47250,48550,47200,46124.69141,20223277,0,1.36,1226.7,0.73,2870.120117,23764.7793,9002.549805,0.677999973,48550
89,2020-05-14,47750,48100,47650,45602.16016,19305974,0,-1.13,1226.3,-0.03,2820,23247.9707,8863.169922,0.648999989,48000
90,2020-05-15,48400,48450,47700,45459.66406,18463118,0,-0.31,1227.9,0.13,2852.5,23625.33984,8943.719727,0.619000018,47850
91,2020-05-18,47950,49100,47600,46362.19922,20481981,0,1.99,1229.3,0.11,2863.699951,23685.41992,9014.55957,0.639999986,48800
92,2020-05-19,50100,50500,49700,47787.27344,25168295,0,3.07,1231.6,0.19,2953.909912,24597.36914,9234.830078,0.744000018,50300
93,2020-05-20,50000,50200,49800,47502.25781,14896899,0,-0.6,1224.5,-0.58,2922.939941,24206.85938,9185.099609,0.711000025,50000
94,2020-05-21,50300,50400,49850,47454.75391,14949266,0,-0.1,1227.8,0.27,2971.610107,24575.90039,9375.780273,0.680000007,49950
95,2020-05-22,49600,49800,48600,46314.69922,19706284,0,-2.4,1230.7,0.24,2948.51001,24474.11914,9284.879883,0.676999986,48750
96,2020-05-25,48750,48900,48450,46409.70703,14337913,0,0.21,1236.2,0.44,2955.449951,24465.16016,9324.589844,0.657000005,48850
97,2020-05-26,48700,49450,48600,46789.72656,15127490,0,0.82,1242,0.47,2955.449951,24465.16016,9324.589844,,49250
98,2020-05-27,48950,50000,48800,47407.25,19548479,0,1.32,1237.1,-0.4,2991.77002,24995.10938,9340.219727,0.698000014,49900
99,2020-05-28,51100,51200,49900,47882.27734,31309318,0,1,1233.7,-0.28,3036.129883,25548.26953,9412.360352,0.680000007,50400
100,2020-05-29,50000,50700,49700,48167.28906,27596961,0,0.6,1239.4,0.46,3029.72998,25400.64063,9368.990234,0.704999983,50700
101,2020-06-01,50800,51200,50600,48642.30859,16949183,0,0.99,1237.6,-0.15,3044.310059,25383.10938,9489.870117,0.648000002,51200
102,2020-06-02,51000,51500,50800,48832.3125,14247933,0,0.39,1227.8,-0.8,3055.72998,25475.01953,9552.049805,0.662,51400
103,2020-06-03,51800,55000,51700,51777.45703,49257814,0,6.03,1224.1,-0.3,3080.820068,25742.65039,9608.379883,0.680000007,54500
104,2020-06-04,55800,57000,54600,51872.46484,40220334,0,0.18,1216.9,-0.59,3122.870117,26269.89063,9682.910156,0.760999978,54600
105,2020-06-05,54400,55900,54000,52727.50391,22743629,0,1.65,1217.4,0.04,3112.350098,26281.82031,9615.80957,0.819999993,55500
106,2020-06-08,56400,56500,54700,52157.47656,25634965,0,-1.08,1213.1,-0.35,3193.929932,27110.98047,9814.080078,0.903999984,54900
107,2020-06-09,55800,56500,54400,52727.50391,23998831,0,1.09,1204.2,-0.74,3232.389893,27572.43945,9924.75,0.884000003,55500
108,2020-06-10,55100,55900,54900,52632.5,16742493,0,-0.18,1197.7,-0.54,3207.179932,27272.30078,9953.75,0.828999996,55400
109,2020-06-11,54500,55100,53200,51587.44922,33815123,0,-1.99,1194.4,-0.28,3190.139893,26989.99023,10020.34961,0.748000026,54300
110,2020-06-12,52100,52800,51500,49687.36328,26976019,0,-3.68,1192.8,-0.13,3002.100098,25128.16992,9492.730469,0.652999997,52300
111,2020-06-15,51400,52000,49900,47407.25,28772921,0,-4.59,1206.6,1.14,3041.310059,25605.53906,9588.80957,0.699000001,49900
112,2020-06-16,51200,52100,50600,49497.35156,21808375,0,4.41,1210.8,0.35,3066.590088,25763.16016,9726.019531,0.702000022,52100
113,2020-06-17,52100,52900,51300,49592.35156,26672595,0,0.19,1206.6,-0.35,3124.73999,26289.98047,9895.870117,0.755999982,52200
114,2020-06-18,52200,52300,51600,49687.36328,15982926,0,0.19,1214.5,0.65,3113.48999,26119.60938,9910.530273,0.73299998,52300
115,2020-06-19,52600,52900,51600,50257.39063,18157985,0,1.15,1213,-0.12,3115.340088,26080.09961,9943.049805,0.694000006,52900
116,2020-06-22,52000,52600,51800,49402.34375,13801350,0,-1.7,1212,-0.08,3097.73999,25871.46094,9946.120117,0.697000027,52000
117,2020-06-23,52500,52800,51100,48832.3125,18086152,0,-1.15,1213.2,0.1,3117.860107,26024.96094,10056.48047,0.703999996,51400
118,2020-06-24,51900,53900,51600,50257.39063,24519552,0,2.92,1210.1,-0.26,3131.290039,26156.09961,10131.37012,0.708999991,52900
119,2020-06-25,52100,53000,51900,49307.33594,18541624,0,-1.89,1202.9,-0.6,3050.330078,25445.93945,9909.169922,0.684000015,51900
120,2020-06-26,52800,53900,52200,50637.40625,21575360,0,2.7,1205.2,0.19,3083.76001,25745.59961,10017,0.674000025,53300
121,2020-06-29,52500,53200,52000,50115.21094,17776925,354,-1.69,1198.6,-0.55,3009.050049,25015.55078,9757.219727,0.635999978,52400
122,2020-06-30,53900,53900,52800,50497.76953,21157172,0,0.76,1200.7,0.17,3053.23999,25595.80078,9874.150391,0.635999978,52800
123,2020-07-01,53400,53600,52400,50306.49219,16706143,0,-0.38,1198.5,-0.18,3100.290039,25812.88086,10058.76953,0.652999997,52600
124,2020-07-02,52100,52900,52100,50593.41406,14142583,0,0.57,1201.6,0.26,3115.860107,25734.9707,10154.62988,0.681999981,52900
125,2020-07-03,53000,53600,52700,51262.89063,11887868,0,1.32,1201,-0.05,3130.01001,25827.35938,10207.62988,0.66900003,53600
126,2020-07-06,54000,55000,53800,52601.84375,19856623,0,2.61,1200.4,-0.05,3130.01001,25827.35938,10207.62988,,55000
127,2020-07-07,55800,55900,53400,51071.61328,30760032,0,-2.91,1196.8,-0.3,3179.719971,26287.0293,10433.65039,0.684000015,53400
128,2020-07-08,53600,53900,52900,50689.04688,19664652,0,-0.75,1192.9,-0.33,3145.320068,25890.17969,10343.88965,0.649999976,53000
129,2020-07-09,53200,53600,52800,50497.76953,17054850,0,-0.38,1195.8,0.24,3169.939941,26067.2793,10492.5,0.652999997,52800
130,2020-07-10,53100,53200,52300,50402.12891,13714746,0,-0.19,1194.5,-0.11,3152.050049,25706.08984,10547.75,0.605000019,52700
131,2020-07-13,53300,53800,53100,51071.61328,12240188,0,1.33,1202.4,0.66,3185.040039,26075.30078,10617.44043,0.633000016,53400
132,2020-07-14,53700,53800,53200,51454.16797,14269484,0,0.75,1200.3,-0.17,3155.219971,26085.80078,10390.83984,0.639999986,53800
133,2020-07-15,54400,55000,54300,52314.92188,24051450,0,1.67,1206.4,0.51,3197.52002,26642.58984,10488.58008,0.61500001,54700
134,2020-07-16,54800,54800,53800,51454.16797,16779127,0,-1.65,1200.7,-0.47,3226.560059,26870.09961,10550.49023,0.629999995,53800
135,2020-07-17,54200,54700,54100,52028.01172,10096174,0,1.12,1204.1,0.28,3215.570068,26734.71094,10473.83008,0.611999989,54400
136,2020-07-20,54800,54800,54000,51836.72656,10507530,0,-0.37,1205.7,0.13,3224.72998,26671.94922,10503.19043,0.628000021,54200
137,2020-07-21,55200,55400,54800,52888.75781,18297260,0,2.03,1203.7,-0.17,3251.840088,26680.86914,10767.08984,0.620000005,55300
138,2020-07-22,55300,55500,54700,52314.92188,12885057,0,-1.08,1198.1,-0.47,3257.300049,26840.40039,10680.36035,0.606999993,54700
139,2020-07-23,54700,54700,53800,51741.08594,16214932,0,-1.1,1193.7,-0.37,3276.02002,27005.83984,10706.12988,0.595000029,54100
140,2020-07-24,54000,54400,53700,51836.72656,10994535,0,0.18,1198.5,0.4,3235.659912,26652.33008,10461.41992,0.582000017,54200
141,2020-07-27,54300,55700,54300,53175.68359,21054421,0,2.58,1201.3,0.23,3215.629883,26469.89063,10363.17969,0.588999987,55600
142,2020-07-28,57000,58800,56400,56044.875,48431566,0,5.4,1196.6,-0.39,3239.409912,26584.76953,10536.26953,0.609000027,58600
143,2020-07-29,60300,60400,58600,56427.42969,36476611,0,0.68,1195.1,-0.13,3218.439941,26379.2793,10402.08984,0.58099997,59000
144,2020-07-30,59700,60100,59000,56427.42969,19285354,0,0,1195.2,0.01,3258.439941,26539.57031,10542.94043,0.578999996,59000
145,2020-07-31,59500,59600,57700,55375.39844,21943345,0,-1.86,1191.4,-0.32,3246.219971,26313.65039,10587.80957,0.541000009,57900
146,2020-08-03,57800,57900,56700,54323.35938,21158940,0,-1.9,1189.1,-0.19,3271.120117,26428.32031,10745.26953,0.536000013,56800
147,2020-08-04,57200,58100,57000,54801.55859,19419694,0,0.88,1193.7,0.39,3294.610107,26664.40039,10902.7998,0.563000023,57300
148,2020-08-05,57300,57500,56300,54419,17739706,0,-0.7,1193.5,-0.02,3306.51001,26828.4707,10941.16992,0.514999986,56900
149,2020-08-06,57100,58400,57100,55471.03125,21625874,0,1.93,1190.3,-0.27,3327.77002,27201.51953,10998.40039,0.542999983,58000
150,2020-08-07,57900,58400,57100,54992.83594,18751717,0,-0.86,1184.3,-0.51,3349.159912,27386.98047,11108.07031,0.536000013,57500
151,2020-08-10,57600,58300,57500,55279.75391,17774291,0,0.52,1185.9,0.13,3351.280029,27433.48047,11010.98047,0.561999977,57800
152,2020-08-11,58000,59500,57800,55662.30859,24907912,0,0.69,1186.7,0.07,3360.469971,27791.43945,10968.36035,0.574000001,58200
153,2020-08-12,58200,59000,57700,56427.42969,18573934,0,1.37,1184.9,-0.15,3333.689941,27686.91016,10782.82031,0.657999992,59000
154,2020-08-13,59400,59600,58000,56140.51563,22089460,0,-0.51,1186,0.09,3380.350098,27976.83984,11012.24023,0.670000017,58700
155,2020-08-14,58000,58400,57700,55471.03125,15672548,0,-1.19,1183.6,-0.2,3373.429932,27896.7207,11042.5,0.716000021,58000
156,2020-08-18,58900,59900,58000,55853.59375,25307825,0,0.69,1185.8,0.19,3372.850098,27931.01953,11019.2998,0.708999991,58400
157,2020-08-19,59000,59200,57800,55279.75391,16930719,0,-1.03,1185.1,-0.06,3389.780029,27778.07031,11210.83984,0.66900003,57800
158,2020-08-20,57600,57600,55300,52984.40234,30386029,0,-4.15,1182.3,-0.24,3374.850098,27692.88086,11146.45996,0.675000012,55400
159,2020-08-21,56200,56900,55800,53462.60156,21142288,0,0.9,1186.3,0.34,3385.51001,27739.73047,11264.9502,0.643999994,55900
160,2020-08-24,55800,56600,55400,53653.87891,15055896,0,0.36,1185.3,-0.08,3397.159912,27930.33008,11311.7998,0.639999986,56100
161,2020-08-25,56400,56800,56100,53940.80078,14021705,0,0.53,1190,0.39,3431.280029,28308.46094,11379.71973,0.646000028,56400
162,2020-08-26,56400,56500,55700,53940.80078,17651593,0,0,1186.3,-0.31,3443.620117,28248.43945,11466.46973,0.681999981,56400
163,2020-08-27,56300,56300,55600,53175.68359,16196568,0,-1.42,1187,0.06,3478.72998,28331.91992,11665.05957,0.686999977,55600
164,2020-08-28,56100,56300,55400,52984.40234,14619888,0,-0.36,1185.7,-0.11,3484.550049,28492.26953,11625.33984,0.745999992,55400
165,2020-08-31,56000,56100,54000,51645.44531,32671367,0,-2.53,1185.1,-0.05,3508.01001,28653.86914,11695.62988,0.728999972,54000
166,2020-09-01,54100,54800,54100,51836.72656,19363117,0,0.37,1183.3,-0.15,3500.310059,28430.05078,11775.45996,0.693000019,54200
167,2020-09-02,54600,55100,54100,52028.01172,16905723,0,0.37,1184.6,0.11,3526.649902,28645.66016,11939.66992,0.671999991,54400
168,2020-09-03,55600,56700,55500,53940.80078,28384920,0,3.68,1186.2,0.13,3580.840088,29100.5,12056.44043,0.651000023,56400
169,2020-09-04,55200,55800,55100,53175.68359,22139109,0,-1.42,1187.5,0.11,3455.060059,28292.73047,11458.09961,0.621999979,55600
170,2020-09-07,56100,57300,55800,54036.44141,18685880,0,1.62,1190.2,0.23,3426.959961,28133.31055,11313.12988,0.721000016,56500
171,2020-09-08,57400,58700,57200,56140.51563,31517520,0,3.89,1187.2,-0.25,3426.959961,28133.31055,11313.12988,,58700
172,2020-09-09,58200,59300,57800,55853.59375,30597399,0,-0.51,1187.9,0.06,3331.840088,27500.89063,10847.69043,0.684000015,58400
173,2020-09-10,59900,60000,59100,56618.71094,29923293,0,1.37,1189.6,0.14,3398.959961,27940.4707,11141.55957,0.703000009,59200
174,2020-09-11,59300,59400,58200,56427.42969,16017098,0,-0.34,1185.3,-0.36,3339.189941,27534.58008,10919.58984,0.685000002,59000
175,2020-09-14,60200,60800,59900,57766.39063,20648281,0,2.37,1188.3,0.25,3340.969971,27665.64063,10853.5498,0.66900003,60400
176,2020-09-15,60900,61000,60500,58340.23047,17877075,0,0.99,1184.2,-0.35,3383.540039,27993.33008,11056.65039,0.671000004,61000
177,2020-09-16,61100,61300,60600,58340.23047,17041444,0,0,1180.5,-0.31,3401.199951,27995.59961,11190.32031,0.67900002,61000
178,2020-09-17,60700,60800,59300,56905.625,25108356,0,-2.46,1177.8,-0.23,3385.48999,28032.38086,11050.46973,0.686999977,59500
179,2020-09-18,59800,59900,59100,56714.34766,18884571,0,-0.34,1175.4,-0.2,3357.01001,27901.98047,10910.28027,0.684000015,59300
180,2020-09-21,59100,60000,59000,56618.71094,15140387,0,-0.17,1163.6,-1.01,3319.469971,27657.41992,10793.28027,0.694000006,59200
181,2020-09-22,59100,59700,57800,55662.30859,20830381,0,-1.69,1160.6,-0.26,3281.060059,27147.69922,10778.7998,0.671000004,58200
182,2020-09-23,58400,58800,57400,56044.875,20111398,0,0.69,1163.9,0.28,3315.570068,27288.17969,10963.63965,0.663999975,58600
183,2020-09-24,57700,58600,57600,55279.75391,17564020,0,-1.37,1164.4,0.04,3236.919922,26763.13086,10632.99023,0.675999999,57800
184,2020-09-25,57700,58200,57700,55375.39844,11444683,0,0.17,1170.3,0.5,3246.590088,26815.43945,10672.26953,0.666000009,57900
185,2020-09-28,58300,58800,57900,56004.72266,12614080,354,0.52,1170.5,0.02,3298.459961,27173.96094,10913.55957,0.658999979,58200
186,2020-09-29,58300,59000,58200,56004.72266,15503563,0,0,1173.5,0.26,3351.600098,27584.06055,11117.53027,0.662999988,58200
187,2020-10-05,57500,59200,57500,56485.87109,20228289,0,0.86,1169.5,-0.34,3335.469971,27452.66016,11085.25,0.644999981,58700
188,2020-10-06,59400,59900,58700,56774.55469,14463826,0,0.51,1163.4,-0.52,3408.600098,28148.64063,11332.49023,0.762000024,59000
189,2020-10-07,58700,59900,58500,57640.60156,14861838,0,1.53,1160,-0.29,3360.969971,27772.75977,11154.59961,0.741999984,59900
190,2020-10-08,60500,60700,59500,57448.14844,24589924,0,-0.33,1162.5,0.22,3419.439941,28303.46094,11364.59961,0.785000026,59700
191,2020-10-12,60000,60400,59900,58121.74609,16145837,0,1.17,1156.2,-0.54,3446.830078,28425.50977,11420.98047,0.764999986,60400
192,2020-10-13,61000,61400,60400,58602.88672,19247631,0,0.83,1148.3,-0.69,3534.219971,28837.51953,11876.25977,0.77700001,60900
193,2020-10-14,61000,61100,60500,58602.88672,16086716,0,0,1149.5,0.1,3511.929932,28679.81055,11863.90039,0.726999998,60900
194,2020-10-15,60700,60800,59700,57736.83203,17756232,0,-1.48,1145.7,-0.33,3488.669922,28514,11768.73047,0.722000003,60000
195,2020-10-16,60000,60400,59000,57255.69141,16554190,0,-0.83,1144.6,-0.1,3483.340088,28494.19922,11713.87012,0.731000006,59500
196,2020-10-19,59600,60200,59500,57736.83203,14474985,0,0.84,1145.6,0.09,3483.810059,28606.31055,11671.55957,0.744000018,60000
197,2020-10-20,60300,60900,60100,58602.88672,19326115,0,1.5,1142.2,-0.3,3426.919922,28195.41992,11478.87988,0.760999978,60900
198,2020-10-21,61200,61500,60600,58602.88672,15703443,0,0,1139.7,-0.22,3443.120117,28308.78906,11516.49023,0.796999991,60900
199,2020-10-22,60300,60500,59800,57833.0625,14294095,0,-1.31,1133.7,-0.53,3435.560059,28210.82031,11484.69043,0.815999985,60100
200,2020-10-23,60400,60400,59800,57929.28906,9322232,0,0.17,1134.1,0.04,3453.48999,28363.66016,11506.00977,0.84799999,60200
201,2020-10-26,60400,61100,60100,58121.74609,13268226,0,0.33,1134.6,0.04,3465.389893,28335.57031,11548.28027,0.841000021,60400
202,2020-10-27,60300,60300,59500,57544.37891,17260416,0,-0.99,1129.1,-0.49,3400.969971,27685.38086,11358.94043,0.800999999,59800
203,2020-10-28,59400,59400,58800,56774.55469,14428882,0,-1.34,1127.6,-0.13,3390.679932,27463.18945,11431.34961,0.777999997,59000
204,2020-10-29,58200,58500,57500,55908.5,22636966,0,-1.53,1129.3,0.15,3271.030029,26519.94922,11004.87012,0.781000018,58100
205,2020-10-30,58000,58000,56600,54465.07813,26907844,0,-2.58,1133.4,0.36,3310.110107,26659.10938,11185.58984,0.834999979,56600
206,2020-11-02,56400,57500,56000,55234.90234,20489076,0,1.41,1130.4,-0.27,3269.959961,26501.59961,10911.58984,0.860000014,57400
207,2020-11-03,57900,58900,57600,56582.09766,14950919,0,2.44,1134.7,0.38,3310.23999,26925.05078,10957.61035,0.848999977,58800
208,2020-11-04,58900,59000,57800,56293.41016,21718561,0,-0.51,1134.6,-0.01,3369.159912,27480.0293,11160.57031,0.882000029,58500
209,2020-11-05,59000,60300,58800,58025.51563,20639475,0,3.08,1136.5,0.17,3443.439941,27847.66016,11590.78027,0.768000007,60300
210,2020-11-06,60700,60800,59600,57833.0625,16910230,0,-0.33,1130.9,-0.5,3510.449951,28390.17969,11890.92969,0.776000023,60100
211,2020-11-09,60700,60900,60100,57929.28906,15892961,0,0.17,1124.4,-0.58,3509.439941,28323.40039,11895.23047,0.819999993,60200
212,2020-11-10,60500,60500,59500,57929.28906,19073552,0,0,1115.6,-0.79,3550.5,29157.9707,11713.78027,0.958000004,60200
213,2020-11-11,60700,61400,60400,58987.79688,25628510,0,1.83,1115.9,0.03,3545.530029,29420.91992,11553.86035,0.972000003,61300
214,2020-11-12,61000,61400,60700,58699.11328,19800573,0,-0.49,1112.4,-0.31,3572.659912,29397.63086,11786.42969,0.958000004,61000
215,2020-11-13,61300,63200,61000,60816.12891,31508829,0,3.61,1113.2,0.07,3537.01001,29080.16992,11709.58984,0.88499999,63200
216,2020-11-16,64000,66700,63900,63799.19531,36354334,0,4.91,1115.1,0.17,3585.149902,29479.81055,11829.29004,0.893000007,66300
217,2020-11-17,67000,67000,65600,63221.82813,30204089,0,-0.9,1108,-0.64,3626.909912,29950.43945,11924.12988,0.906000018,65700
218,2020-11-18,65700,66200,64700,62355.77734,22963790,0,-1.37,1106.8,-0.11,3609.530029,29783.34961,11899.33984,0.871999979,64800
219,2020-11-19,64100,64800,63900,62163.32422,16590290,0,-0.31,1105.9,-0.08,3567.790039,29438.41992,11801.59961,0.882000029,64600
220,2020-11-20,63900,65200,63900,62259.55469,15068682,0,0.15,1112.2,0.57,3581.870117,29483.23047,11904.70996,0.853999972,64700
221,2020-11-23,64800,67800,64700,64953.9375,27134398,0,4.33,1114.2,0.18,3557.540039,29263.48047,11854.96973,0.828999996,67500
222,2020-11-24,67900,69500,67000,65146.38672,32158235,0,0.3,1112.6,-0.14,3577.590088,29591.26953,11880.62988,0.856999993,67700
223,2020-11-25,67900,68300,66500,64087.88281,32447065,0,-1.62,1111.2,-0.13,3635.409912,30046.24023,12036.79004,0.882000029,66600
224,2020-11-26,66100,68000,66000,65435.07813,19023323,0,2.1,1107.2,-0.36,3629.649902,29872.4707,12094.40039,0.878000021,68000
225,2020-11-27,68000,68400,67600,65627.53906,14063434,0,0.29,1105.8,-0.13,3629.649902,29872.4707,12094.40039,,68200
226,2020-11-30,68400,68600,66700,64184.11328,43811016,0,-2.2,1104.4,-0.13,3638.350098,29910.36914,12205.84961,0.842000008,66700
227,2020-12-01,67100,68300,67100,65242.62109,22327173,0,1.65,1104.9,0.05,3621.629883,29638.64063,12198.74023,0.843999982,67800
228,2020-12-02,68400,69900,68300,66878.49219,29703942,0,2.51,1107.1,0.2,3662.449951,29823.91992,12355.11035,0.934000015,69500
229,2020-12-03,70100,70500,69300,67070.95313,23677989,0,0.29,1103.3,-0.34,3669.01001,29883.78906,12349.37012,0.948000014,69700
230,2020-12-04,70400,72100,70100,68803.05469,28130533,0,2.58,1098.1,-0.47,3666.719971,29969.51953,12377.17969,0.920000017,71500
231,2020-12-07,72400,73500,71900,70150.25,28490496,0,1.96,1086.6,-1.06,3699.120117,30218.25977,12464.23047,0.968999982,72900
232,2020-12-08,72200,72900,71600,68995.51563,25000338,0,-1.65,1082.7,-0.36,3691.959961,30069.78906,12519.9502,0.927999973,71700
233,2020-12-09,72100,73900,72000,71112.53906,24077996,0,3.07,1084.4,0.16,3702.25,30173.88086,12582.76953,0.912999988,73900
234,2020-12-10,72700,73800,72500,70150.25,39882928,0,-1.35,1083.6,-0.07,3672.820068,30068.81055,12338.9502,0.940999985,72900
235,2020-12-11,73500,73800,73100,70631.39063,18486672,0,0.69,1086.2,0.24,3668.100098,29999.25977,12405.80957,0.907999992,73400
236,2020-12-14,73600,74500,73200,71016.30469,21510415,0,0.54,1089.3,0.28,3663.459961,30046.36914,12377.87012,0.893000007,73800
237,2020-12-15,73800,74100,73300,71016.30469,20863671,0,0,1090.8,0.14,3647.48999,29861.55078,12440.04004,0.89200002,73800
238,2020-12-16,74100,74500,73400,71016.30469,17512081,0,0,1093.2,0.22,3694.620117,30199.31055,12595.05957,0.922999978,73800
239,2020-12-17,73400,73700,72600,70535.16406,24293214,0,-0.68,1092.2,-0.09,3701.169922,30154.53906,12658.19043,0.920000017,73300
240,2020-12-18,73300,73700,73000,70246.47656,17613029,0,-0.41,1092.8,0.05,3722.47998,30303.36914,12764.75,0.930000007,73000
241,2020-12-21,73100,73400,72000,70246.47656,20367355,0,0,1097.9,0.46,3709.409912,30179.05078,12755.63965,0.948000014,73000
242,2020-12-22,72500,73200,72100,69572.88281,16304910,0,-0.96,1101.2,0.3,3694.919922,30216.44922,12742.51953,0.940999985,72300
243,2020-12-23,72400,74000,72300,71112.53906,19411326,0,2.21,1106.6,0.49,3687.26001,30015.50977,12807.91992,0.917999983,73900
244,2020-12-24,74100,78800,74000,74865.42969,32502870,0,5.28,1108.9,0.21,3690.01001,30129.83008,12771.11035,0.954999983,77800
245,2020-12-28,79000,80100,78200,75731.48438,40085044,0,1.16,1103.7,-0.47,3703.060059,30199.86914,12804.73047,0.927999973,78700
246,2020-12-29,78800,78900,77300,77242.79688,30339449,1932,-0.51,1098.2,-0.5,3735.360107,30403.9707,12899.41992,0.933000028,78300
247,2020-12-30,77400,81300,77300,79906.34375,29417421,0,3.45,1093.2,-0.46,3727.040039,30335.66992,12850.21973,0.935000002,81000
248,2021-01-04,81000,84400,80200,81879.33594,38655276,0,2.47,1088,0,3732.040039,30409.56055,12870,0.925999999,83000
249,2021-01-05,81600,83900,81600,82767.1875,35335669,0,1.08,1083.1,-0.45,3700.649902,30223.89063,12698.4502,0.916999996,83900
250,2021-01-06,83300,84500,82100,81090.13281,42089013,0,-2.03,1086.1,0.28,3726.860107,30391.59961,12818.95996,0.954999983,82200
251,2021-01-07,82800,84200,82700,81780.6875,32644642,0,0.85,1086.8,0.06,3748.139893,30829.40039,12740.79004,1.042000055,82900
252,2021-01-08,83300,90000,83000,87601.03125,59013307,0,7.12,1087.7,0.08,3803.790039,31041.13086,13067.48047,1.07099998,88800
253,2021-01-11,90000,96800,89500,89771.32813,90306177,0,2.48,1094.4,0.61,3824.679932,31097.9707,13201.98047,1.105000019,91000
254,2021-01-12,90300,91400,87800,89376.71875,48682416,0,-0.44,1097.8,0.31,3799.610107,31008.68945,13036.42969,1.131999969,90600
255,2021-01-13,89800,91200,89100,88488.86719,36068848,0,-0.99,1099.9,0.19,3801.189941,31068.68945,13072.42969,1.138000011,89700
256,2021-01-14,88700,90000,88700,88488.86719,26393970,0,0,1095,-0.45,3809.840088,31060.4707,13128.9502,1.088000059,89700
257,2021-01-15,89800,91800,88000,86811.82813,33431809,0,-1.9,1100.3,0.48,3795.540039,30991.51953,13112.63965,1.128999949,88000
258,2021-01-18,86600,87300,84100,83852.32813,43227951,0,-3.41,1097.9,-0.22,3768.25,30814.25977,12998.5,1.097000003,85000
259,2021-01-19,84500,88000,83600,85825.32813,39895044,0,2.35,1104.4,0.59,3768.25,30814.25977,12998.5,,87000
260,2021-01-20,89000,89000,86500,86022.625,25211127,0,0.23,1102.1,-0.21,3798.909912,30930.51953,13197.17969,1.092000008,87200
261,2021-01-21,87500,88600,86500,86910.47656,25318011,0,1.03,1100,-0.19,3851.850098,31188.38086,13457.25,1.090000033,88100
262,2021-01-22,89000,89700,86800,85628.03125,30861661,0,-1.48,1099.2,-0.07,3853.070068,31176.00977,13530.91016,1.108999968,86800
263,2021-01-25,87000,89900,86300,88192.92188,27258534,0,3,1102.3,0.28,3841.469971,30996.98047,13543.05957,1.090999961,89400
264,2021-01-26,88800,89200,86500,85529.38281,33178936,0,-3.02,1103.2,0.08,3855.360107,30960,13635.99023,1.039999962,86700
265,2021-01-27,86600,87700,85600,84444.23438,26423070,0,-1.27,1103,-0.02,3849.620117,30937.03906,13626.05957,1.039999962,85600
266,2021-01-28,83200,85600,83200,82569.89063,31859808,0,-2.22,1104,0.09,3750.77002,30303.16992,13270.59961,1.014000058,83700
267,2021-01-29,84500,85000,82000,80892.83594,39615978,0,-2.03,1114.6,0.95,3787.379883,30603.35938,13337.16016,1.057000041,82000
268,2021-02-01,81700,83400,81000,81879.33594,28046832,0,1.22,1117.2,0.23,3714.23999,29982.61914,13070.69043,1.093000054,83000
269,2021-02-02,84100,86400,83700,83260.42969,26302077,0,1.69,1118,0.07,3773.860107,30211.91016,13403.38965,1.077000022,84400
270,2021-02-03,84800,85400,83400,83457.74219,22112205,0,0.24,1116.6,-0.13,3826.310059,30687.48047,13612.78027,1.105000019,84600
271,2021-02-04,83500,83800,82100,81386.08594,24171688,0,-2.48,1114,-0.23,3830.169922,30723.59961,13610.54004,1.131000042,82500
272,2021-02-05,83100,84000,82500,82372.59375,18036835,0,1.21,1116.7,0.24,3871.73999,31055.85938,13777.74023,1.139000058,83500
273,2021-02-08,83800,84200,83000,81879.33594,15338765,0,-0.6,1124,0.65,3886.830078,31148.24023,13856.2998,1.169999957,83000
274,2021-02-09,84000,84800,82700,81583.39063,20898332,0,-0.36,1119.1,-0.44,3915.590088,31385.75977,13987.63965,1.159999967,82700
275,2021-02-10,82600,82600,81600,80498.24219,23025766,0,-1.33,1116,-0.28,3911.22998,31375.83008,14007.7002,1.156999946,81600
276,2021-02-15,83800,84500,83300,83063.13281,23529706,0,3.19,1110.1,-0.53,3909.879883,31437.80078,13972.53027,1.133000016,84200
277,2021-02-16,84500,86000,84200,83753.6875,20483100,0,0.83,1103.1,-0.63,3909.879883,31437.80078,13972.53027,,84900
278,2021-02-17,83900,84200,83000,82076.64063,18307735,0,-2,1099.7,-0.31,3932.590088,31522.75,14047.5,1.299000025,83200
279,2021-02-18,83200,83600,82100,80991.49219,21327683,0,-1.32,1107.7,0.72,3931.330078,31613.01953,13965.49023,1.300999999,82100
280,2021-02-19,82300,82800,81000,81484.74219,25880879,0,0.61,1105.7,-0.18,3913.969971,31493.33984,13865.36035,1.286999941,82600
281,2021-02-22,83800,84200,82200,81090.13281,25419886,0,-0.48,1107.1,0.13,3906.709961,31494.32031,13874.45996,1.345000029,82200
282,2021-02-23,81200,82900,81100,80892.83594,20587314,0,-0.24,1106.5,-0.05,3876.5,31521.68945,13533.0498,1.370000005,82000
283,2021-02-24,81800,83600,81300,80892.83594,26807651,0,0,1110.8,0.39,3881.370117,31537.34961,13465.2002,1.361999989,82000
284,2021-02-25,84000,85400,83000,84148.28125,34155986,0,4.02,1110.2,-0.05,3925.429932,31961.85938,13597.96973,1.389000058,85300
285,2021-02-26,82800,83400,82000,81386.08594,38520800,0,-3.28,1108.4,-0.16,3829.340088,31402.00977,13119.42969,1.518000007,82500
286,2021-03-02,85100,85300,83000,82471.23438,33498180,0,1.33,1121.8,1.19,3811.149902,30932.36914,13192.34961,1.460000038,83600
287,2021-03-03,83500,84000,82800,82865.83594,19882132,0,0.48,1121.3,-0.04,3870.290039,31391.51953,13358.79004,1.414999962,84000
288,2021-03-04,82600,83200,82200,81287.4375,24348331,0,-1.9,1122.9,0.14,3819.719971,31270.08984,12997.75,1.470000029,82400
289,2021-03-05,81100,82600,81100,80991.49219,20508971,0,-0.36,1126.2,0.29,3768.469971,30924.14063,12723.46973,1.549999952,82100
290,2021-03-08,82900,83000,81600,80892.83594,17641256,0,-0.12,1129.4,0.28,3841.939941,31496.30078,12920.15039,1.55400002,82000
291,2021-03-09,81400,81900,80600,80300.94531,25420764,0,-0.73,1131.3,0.17,3821.350098,31802.43945,12609.16016,1.595999956,81400
292,2021-03-10,82400,82500,80700,79807.6875,20038422,0,-0.61,1141.1,0.86,3875.439941,31832.74023,13073.82031,1.546000004,80900
293,2021-03-11,81000,82500,81000,80892.83594,23818297,0,1.36,1140.7,-0.04,3898.810059,32297.01953,13068.83008,1.519999981,82000
294,2021-03-12,83100,83500,82400,81682.03906,13530573,0,0.98,1137.3,-0.3,3939.340088,32485.58984,13398.66992,1.52699995,82800
295,2021-03-15,82800,82900,81800,80695.53906,13735798,0,-1.21,1130.7,-0.58,3943.340088,32778.64063,13319.86035,1.63499999,81800
296,2021-03-16,82200,83000,82100,81682.03906,12293537,0,1.22,1135.9,0.46,3968.939941,32953.46094,13459.70996,1.606999993,82800
297,2021-03-17,82800,82900,82000,81188.78906,11625146,0,-0.6,1132.5,-0.3,3962.709961,32825.94922,13471.57031,1.621000051,82300
298,2021-03-18,82800,83800,82600,81780.6875,18585244,0,0.73,1131.8,-0.06,3974.120117,33015.37109,13525.2002,1.641000032,82900
299,2021-03-19,82100,82500,81800,80794.1875,15869700,0,-1.21,1123.7,-0.72,3915.459961,32862.30078,13116.16992,1.730000019,81900
300,2021-03-22,82000,82300,81700,80892.83594,12670506,0,0.12,1131.8,0.72,3913.100098,32627.9707,13215.24023,1.731999993,82000
301,2021-03-23,82600,82900,81800,80695.53906,13299907,0,-0.24,1131.3,-0.04,3940.590088,32731.19922,13377.54004,1.684000015,81800
302,2021-03-24,81000,81600,80700,79906.34375,17926638,0,-0.98,1128,-0.29,3910.52002,32423.15039,13227.7002,1.638000011,81000
303,2021-03-25,81000,82100,80800,80103.64063,14758826,0,0.25,1133.5,0.49,3889.139893,32420.06055,12961.88965,1.613999963,81200
304,2021-03-26,81400,81600,81000,80399.59375,12845778,0,0.37,1134.2,0.06,3909.52002,32619.48047,12977.67969,1.613999963,81500
305,2021-03-29,81700,81700,81000,80498.24219,14952134,0,0.12,1131.8,-0.21,3974.540039,33072.87891,13138.73047,1.659999967,81600
306,2021-03-30,81600,82300,81300,81450.47656,13121698,361,0.74,1131.7,-0.01,3971.090088,33171.37109,13059.65039,1.720999956,82200
307,2021-03-31,82400,82700,81400,80657.77344,17240518,0,-0.97,1133.5,0.16,3958.550049,33066.96094,13045.38965,1.725999951,81400
308,2021-04-01,82500,83000,82000,82144.09375,18676461,0,1.84,1132.6,-0.08,3972.889893,32981.55078,13246.87012,1.746000051,82900
309,2021-04-02,84000,85200,83900,84026.77344,22997538,0,2.29,1129.3,-0.29,4019.870117,33153.21094,13480.11035,1.67900002,84800
310,2021-04-05,85800,86000,84800,84621.29688,16255990,0,0.71,1127.5,-0.16,4019.870117,33153.21094,13480.11035,,85400
311,2021-04-06,86200,86200,85100,85215.82813,19042023,0,0.7,1127.8,0.03,4077.909912,33527.19141,13705.58984,1.720000029,86000
312,2021-04-07,86100,86200,85400,84819.47656,17885538,0,-0.47,1122.9,-0.44,4073.939941,33430.23828,13698.37988,1.656000018,85600
313,2021-04-08,85700,85700,84100,83927.67969,19244259,0,-1.05,1116.4,-0.58,4079.949951,33446.26172,13688.83984,1.652999997,84700
314,2021-04-09,84700,84900,83400,82837.71094,18193707,0,-1.3,1118.5,0.19,4097.169922,33503.57031,13829.30957,1.631999969,83600
315,2021-04-12,84100,84100,83100,82441.36719,12915282,0,-0.48,1117.2,-0.12,4128.799805,33800.60156,13900.19043,1.666000009,83200
316,2021-04-13,83000,84500,82800,83234.0625,15238206,0,0.96,1124.3,0.63,4127.990234,33745.39844,13850,1.674999952,84000
317,2021-04-14,84000,84300,83400,83234.0625,13794652,0,0,1126.1,0.16,4141.589844,33677.26953,13996.09961,1.623000026,84000
318,2021-04-15,83700,84500,83400,83333.15625,16377412,0,0.12,1119.9,-0.55,4124.660156,33730.89063,13857.83984,1.638000011,84100
319,2021-04-16,84700,84700,83600,83134.97656,15429522,0,-0.24,1117.6,-0.21,4170.419922,34035.98828,14038.75977,1.529999971,83900
320,2021-04-19,83800,84000,83300,82540.44531,15287311,0,-0.72,1117.9,0.03,4185.470215,34200.67188,14052.33984,1.572999954,83300
321,2021-04-20,83300,84000,83100,83134.97656,15521965,0,0.72,1118.2,0.03,4163.259766,34077.62891,13914.76953,1.600999951,83900
322,2021-04-21,83300,83500,82500,81846.82813,21636079,0,-1.55,1113.4,-0.43,4134.939941,33821.30078,13786.26953,1.562000036,82600
323,2021-04-22,82900,83000,82400,81648.65625,13934746,0,-0.24,1117.4,0.36,4173.419922,34137.30859,13950.21973,1.56400001,82400
324,2021-04-23,81900,82900,81600,82045.00781,17805080,0,0.49,1116.3,-0.1,4134.97998,33815.89844,13818.41016,1.55400002,82800
325,2021-04-26,82900,83500,82600,82738.625,15489938,0,0.85,1118.9,0.23,4180.169922,34043.48828,14016.80957,1.567000031,83500
326,2021-04-27,83200,83300,82500,82144.09375,12941533,0,-0.72,1114,-0.44,4187.620117,33981.57031,14138.78027,1.570000052,82900
327,2021-04-28,83200,83200,82100,81351.39063,15596759,0,-0.97,1110.8,-0.29,4186.720215,33984.92969,14090.21973,1.621999979,82100
328,2021-04-29,82400,82500,81500,80955.03906,20000973,0,-0.49,1112.5,0.15,4183.180176,33820.37891,14051.03027,1.620000005,81700
329,2021-04-30,81900,82100,81500,80756.85938,18673197,0,-0.24,1107.4,-0.46,4211.470215,34060.35938,14082.5498,1.639999986,81500
330,2021-05-03,81000,82400,81000,80955.03906,15710336,0,0.25,1109.6,0.2,4181.169922,33874.85156,13962.67969,1.631000042,81700
331,2021-05-04,81900,82600,81800,81846.82813,12532550,0,1.1,1119.3,0.87,4192.660156,34113.23047,13895.12012,1.606999993,82600
332,2021-05-06,81700,82300,81700,81549.57031,17047511,0,-0.36,1121.1,0.16,4164.660156,34133.03125,13633.5,1.592000008,82300
333,2021-05-07,81800,82100,81500,81153.21875,14154882,0,-0.49,1125.5,0.39,4201.620117,34548.53125,13632.83984,1.56099999,81900
334,2021-05-10,82300,83500,81800,82441.36719,19385027,0,1.59,1121.4,-0.37,4232.600098,34777.76172,13752.24023,1.577000022,83200
335,2021-05-11,82500,82600,81100,80459.60156,28996680,0,-2.4,1114.6,-0.61,4188.430176,34742.82031,13401.86035,1.601999998,81200
336,2021-05-12,80800,81200,79800,79270.53906,35812268,0,-1.48,1119.1,0.4,4152.100098,34269.16016,13389.42969,1.623999953,80000
337,2021-05-13,78900,79600,78400,77784.21875,31490096,0,-1.88,1123.5,0.39,4063.040039,33587.66016,13031.67969,1.695000052,78500
338,2021-05-14,79000,80300,78900,79369.625,16450920,0,2.04,1130.6,0.63,4112.5,34021.44922,13124.99023,1.667999983,80100
339,2021-05-17,80800,80900,79200,78874.1875,17740855,0,-0.62,1129.5,-0.1,4173.850098,34382.12891,13429.98047,1.63499999,79600
340,2021-05-18,79600,80000,79100,78874.1875,17494407,0,0,1133,0.31,4163.290039,34327.78906,13379.0498,1.639999986,79600
341,2021-05-20,79400,79700,79100,78775.09375,16541828,0,-0.13,1133.1,0.01,4127.830078,34060.66016,13303.63965,1.64199996,79500
342,2021-05-21,80100,81500,79800,79369.625,20961714,0,0.75,1132.2,-0.08,4159.120117,34084.14844,13535.74023,1.633999944,80100
343,2021-05-24,80100,80400,79500,78973.27344,13398666,0,-0.5,1126.9,-0.47,4155.859863,34207.83984,13470.99023,1.631999969,79700
344,2021-05-25,80000,80400,79800,79171.45313,13628942,0,0.25,1127.6,0.06,4197.049805,34393.98047,13661.16992,1.60800004,79900
345,2021-05-26,80400,80500,79700,79072.36719,11984359,0,-0.13,1122.8,-0.43,4188.129883,34312.46094,13657.16992,1.56400001,79800
346,2021-05-27,80000,80000,79100,78874.1875,23198510,0,-0.25,1118.6,-0.38,4195.990234,34323.05078,13738,1.574000001,79600
347,2021-05-28,79800,80400,79400,79369.625,12360199,0,0.63,1118,-0.05,4200.879883,34464.64063,13736.28027,1.610000014,80100
348,2021-05-31,80300,80600,79600,79765.98438,13321324,0,0.5,1116,-0.18,4204.109863,34529.44922,13748.74023,1.58099997,80500
349,2021-06-01,80500,81300,80100,79865.07031,14058401,0,0.12,1113.5,-0.22,4204.109863,34529.44922,13748.74023,,80600
350,2021-06-02,80400,81400,80300,80063.24219,16414644,0,0.25,1107,-0.59,4202.040039,34575.30859,13736.48047,1.61500001,80800
351,2021-06-03,81300,83000,81100,82045.00781,29546007,0,2.48,1110.3,0.3,4208.120117,34600.37891,13756.33008,1.590999961,82800
352,2021-06-04,82700,82700,81500,81450.47656,18112259,0,-0.72,1111.8,0.13,4192.850098,34577.03906,13614.50977,1.625,82200
353,2021-06-07,82700,82800,81600,81153.21875,16496197,0,-0.36,1117.5,0.51,4229.890137,34756.39063,13814.49023,1.559999943,81900
354,2021-06-08,82300,82600,81800,81153.21875,12781226,0,0,1111.2,-0.57,4226.52002,34630.23828,13881.71973,1.569000006,81900
355,2021-06-09,81500,82000,81100,80360.50781,14908823,0,-0.98,1113.7,0.22,4227.259766,34599.82031,13924.91016,1.527999997,81100
356,2021-06-10,81300,81400,80900,80261.42188,17586995,0,-0.12,1115.8,0.19,4219.549805,34447.14063,13911.75,1.488999963,81000
357,2021-06-11,81200,81700,80700,80261.42188,14087962,0,0,1115,-0.07,4239.180176,34466.23828,14020.33008,1.458999991,81000
358,2021-06-14,80800,80900,80500,79765.98438,10550078,0,-0.62,1111.2,-0.34,4247.439941,34479.60156,14069.41992,1.462000012,80500
359,2021-06-15,80900,81200,80600,80162.32813,10075685,0,0.5,1116.4,0.47,4255.149902,34393.75,14174.13965,1.501000047,80900
360,2021-06-16,81500,81900,81100,81054.125,14999855,0,1.11,1117.8,0.13,4246.589844,34299.32813,14072.86035,1.498999953,81800
361,2021-06-17,81100,81300,80700,80162.32813,14007385,0,-1.1,1117.7,-0.01,4223.700195,34033.67188,14039.67969,1.569000006,80900
362,2021-06-18,81100,81100,80500,79765.98438,14916721,0,-0.49,1129.5,1.04,4221.859863,33823.44922,14161.34961,1.511000037,80500
363,2021-06-21,79700,80000,79600,79171.45313,16063340,0,-0.75,1132.2,0.24,4166.450195,33290.07813,14030.37988,1.450000048,79900
364,2021-06-22,80200,80300,79900,79270.53906,11773365,0,0.13,1135.4,0.28,4224.790039,33876.96875,14141.48047,1.483999968,80000
365,2021-06-23,80500,80600,79900,79369.625,13856548,0,0.12,1132.4,-0.26,4246.439941,33945.57813,14253.26953,1.472000003,80100
366,2021-06-24,80400,81400,80100,80459.60156,18771080,0,1.37,1135.6,0.28,4241.839844,33874.23828,14271.73047,1.486999989,81200
367,2021-06-25,81500,81900,81200,80855.95313,13481405,0,0.49,1135.8,0.02,4266.490234,34196.82031,14369.70996,1.486999989,81600
368,2021-06-28,81700,82000,81600,81153.21875,11578529,0,0.37,1128.8,-0.62,4280.700195,34433.83984,14360.38965,1.536000013,81900
369,2021-06-29,81900,82100,80800,80616.76563,15744317,361,-1.1,1129.9,0.1,4290.609863,34283.26953,14500.50977,1.478000045,81000
370,2021-06-30,81100,81400,80700,80318.1875,13288643,0,-0.37,1130,0.01,4291.799805,34292.28906,14528.33008,1.480000019,80700
371,2021-07-01,80500,80600,80000,79721.02344,13382882,0,-0.74,1129.5,-0.04,4297.5,34502.51172,14503.9502,1.442999959,80100
372,2021-07-02,80000,80400,79900,79621.5,8753097,0,-0.12,1132.2,0.24,4319.939941,34633.53125,14522.37988,1.480000019,80000
373,2021-07-05,80100,80800,80000,80019.60156,8330969,0,0.5,1134.5,0.2,4352.339844,34786.35156,14639.33008,1.430999994,80400
374,2021-07-06,80600,81200,80500,80815.82031,12131651,0,1,1130.3,-0.37,4352.339844,34786.35156,14639.33008,,81200
375,2021-07-07,81200,81300,80300,80417.71094,15992202,0,-0.49,1131.8,0.13,4343.540039,34577.37109,14663.63965,1.370000005,80800
376,2021-07-08,81100,81200,79900,79521.96875,16660998,0,-1.11,1137.6,0.51,4358.129883,34681.78906,14665.05957,1.32099998,79900
377,2021-07-09,79600,79800,79000,79024.33594,22720577,0,-0.63,1143.4,0.51,4320.819824,34421.92969,14559.78027,1.287999988,79400
378,2021-07-12,79900,80000,79500,79322.91406,9768108,0,0.38,1148.3,0.43,4369.549805,34870.16016,14701.91992,1.355999947,79700
379,2021-07-13,80000,80200,79800,79422.44531,9863450,0,0.13,1146.4,-0.17,4384.629883,34996.17969,14733.24023,1.363000035,79800
380,2021-07-14,79400,79600,79100,79123.85938,11575636,0,-0.38,1145.1,-0.11,4369.209961,34888.78906,14677.65039,1.414999962,79500
381,2021-07-15,79800,80600,79500,80218.65625,13766279,0,1.38,1150.3,0.45,4374.299805,34933.23047,14644.9502,1.355999947,80600
382,2021-07-16,80100,80100,79500,79422.44531,10859399,0,-0.99,1143.7,-0.58,4360.029785,34987.01953,14543.12988,1.297000051,79800
383,2021-07-19,79100,79200,78800,78626.22656,13155414,0,-1,1141.1,-0.23,4327.160156,34687.85156,14427.24023,1.299999952,79000
384,2021-07-20,78500,79000,78400,78626.22656,12456646,0,0,1145.7,0.4,4258.490234,33962.03906,14274.98047,1.180999994,79000
385,2021-07-21,79000,79100,78500,78128.59375,12355296,0,-0.63,1151,0.46,4323.060059,34511.98828,14498.87988,1.208999991,78500
386,2021-07-22,79000,79800,78900,79322.91406,12618790,0,1.53,1150.6,-0.03,4358.689941,34798,14631.9502,1.279999971,79700
387,2021-07-23,79700,79900,79200,78924.80469,9098910,0,-0.5,1151,0.03,4367.47998,34823.35156,14684.59961,1.264999986,79300
388,2021-07-26,79400,79500,78800,78427.17188,10040975,0,-0.63,1149.5,-0.13,4411.790039,35061.55078,14836.99023,1.286000013,78800
389,2021-07-27,79200,79400,78500,78128.59375,11427693,0,-0.38,1153.2,0.32,4422.299805,35144.30859,14840.70996,1.276000023,78500
390,2021-07-28,78300,79200,78100,78825.28125,12743417,0,0.89,1150.2,-0.26,4401.459961,35058.51953,14660.58008,1.233999968,79200
391,2021-07-29,78800,79400,78800,78626.22656,14360453,0,-0.25,1154.8,0.4,4400.640137,34930.92969,14762.58008,1.261000037,79000
392,2021-07-30,78900,78900,78500,78128.59375,13823411,0,-0.63,1147.4,-0.64,4419.149902,35084.53125,14778.25977,1.269000053,78500
393,2021-08-02,79200,79500,78700,78924.80469,11739124,0,1.02,1147.5,0.01,4395.259766,34935.46875,14672.67969,1.238999963,79300
394,2021-08-03,79400,81400,79300,81014.875,24339360,0,2.65,1151.5,0.35,4387.160156,34838.16016,14681.07031,1.174000025,81400
395,2021-08-04,82200,83100,81800,82507.77344,25642368,0,1.84,1150.7,-0.07,4423.149902,35116.39844,14761.29004,1.175999999,82900
396,2021-08-05,83300,83300,82000,81711.5625,18485469,0,-0.97,1145.8,-0.43,4402.660156,34792.67188,14780.53027,1.184000015,82100
397,2021-08-06,81900,82500,81300,81114.39844,13342623,0,-0.73,1143.5,-0.2,4429.100098,35064.25,14895.12012,1.217000008,81500
398,2021-08-09,81500,82300,80900,81114.39844,15522581,0,0,1142.3,-0.11,4436.52002,35208.51172,14835.75977,1.289999962,81500
399,2021-08-10,82300,82400,80100,79820.54688,20362639,0,-1.6,1145,0.24,4432.350098,35101.85156,14860.17969,1.317000031,80200
400,2021-08-11,79600,79800,78500,78128.59375,30241137,0,-2.12,1148.5,0.3,4436.75,35264.67188,14788.08984,1.342000008,78500
401,2021-08-12,77100,78200,76900,76635.6875,42365223,0,-1.91,1155,0.56,4442.410156,35484.96875,14765.13965,1.328999996,77000
402,2021-08-13,75800,76000,74100,74047.99219,61270643,0,-3.38,1158.9,0.34,4460.830078,35499.85156,14816.25977,1.366999984,74400
403,2021-08-17,74000,75100,74000,73848.9375,30944847,0,-0.27,1167.8,0.76,4468,35515.37891,14822.90039,1.297000051,74200
404,2021-08-18,73900,74600,73100,73550.35938,29192631,0,-0.4,1174.9,0.6,4448.080078,35343.28125,14656.17969,1.258000016,73900
405,2021-08-19,73500,74400,73100,72754.14063,22166298,0,-1.08,1172.7,-0.19,4400.27002,34960.69141,14525.91016,1.273000002,73100
406,2021-08-20,73500,73900,72500,72356.03125,22364803,0,-0.55,1174.5,0.15,4405.799805,34894.12109,14541.79004,1.241999984,72700
407,2021-08-23,73300,74000,73000,72953.19531,19384648,0,0.83,1176.7,0.19,4441.669922,35120.07813,14714.66016,1.25999999,73300
408,2021-08-24,73900,75700,73900,75242.3125,21016913,0,3.14,1174,-0.23,4479.529785,35335.71094,14942.65039,1.254999995,75600
409,2021-08-25,76200,76600,74900,75341.84375,22319664,0,0.13,1168,-0.51,4486.22998,35366.26172,15019.7998,1.289999962,75700
410,2021-08-26,76100,76200,74600,74247.04688,16671494,0,-1.45,1166.5,-0.13,4496.189941,35405.5,15041.86035,1.342000008,74600
411,2021-08-27,74300,75000,73800,73948.46094,15172748,0,-0.4,1168.1,0.14,4470,35213.12109,14945.80957,1.342000008,74300
412,2021-08-30,75400,75500,74200,74247.04688,12686999,0,0.4,1170.8,0.23,4509.370117,35455.80078,15129.5,1.312000036,74600
413,2021-08-31,74900,76700,74300,76337.10938,24630370,0,2.82,1164.4,-0.55,4528.790039,35399.83984,15265.88965,1.284999967,76700
414,2021-09-01,76700,77100,75900,76436.63281,16114775,0,0.13,1162.8,-0.14,4522.680176,35360.73047,15259.24023,1.30400002,76800
415,2021-09-02,76800,76800,75700,75640.42188,15347486,0,-1.04,1157.5,-0.46,4524.089844,35312.53125,15309.37988,1.302000046,76000
416,2021-09-03,76400,76700,76000,76237.58594,12096419,0,0.79,1159.7,0.19,4536.950195,35443.82031,15331.17969,1.29400003,76600
417,2021-09-06,76800,77600,76600,76934.27344,12861180,0,0.91,1156.4,-0.29,4535.430176,35369.08984,15363.51953,1.322000027,77300
418,2021-09-07,77100,77100,75900,75739.94531,13239401,0,-1.55,1157.3,0.08,4535.430176,35369.08984,15363.51953,,76100
419,2021-09-08,76000,76400,75600,75939,11798147,0,0.26,1157.9,0.05,4520.029785,35100,15374.33008,1.370000005,76300
420,2021-09-09,76400,76600,75000,74943.73438,17600770,0,-1.31,1164.5,0.57,4514.069824,35031.07031,15286.63965,1.333999991,75300
421,2021-09-10,75300,75600,74800,74943.73438,10103212,0,0,1170.1,0.48,4493.279785,34879.37891,15248.25,1.299000025,75300
422,2021-09-13,75200,76300,75100,75939,11397775,0,1.33,1170.4,0.03,4458.580078,34607.71875,15115.49023,1.340999961,76300
423,2021-09-14,77100,77700,76600,76237.58594,18167057,0,0.39,1174.3,0.33,4468.72998,34869.62891,15105.58008,1.324000001,76600
424,2021-09-15,77400,77400,76400,76635.6875,12829128,0,0.52,1172.2,-0.18,4443.049805,34577.57031,15037.75977,1.27699995,77000
425,2021-09-16,77300,77400,76100,75739.94531,13067622,0,-1.17,1171.7,-0.04,4480.700195,34814.39063,15161.53027,1.30400002,76100
426,2021-09-17,76300,77200,75900,76834.74219,16289502,0,1.45,1169.1,-0.22,4473.75,34751.32031,15181.91992,1.33099997,77200
427,2021-09-23,77500,77600,76800,77033.79688,17055590,0,0.26,1177.6,0.72,4432.990234,34584.87891,15043.96973,1.370000005,77400
428,2021-09-24,77600,77700,77100,76934.27344,12247274,0,-0.13,1181.7,0.35,4448.97998,34764.82031,15052.24023,1.409999967,77300
429,2021-09-27,77300,77700,77000,77332.375,11699798,0,0.52,1175.3,-0.54,4455.47998,34798,15047.7002,1.460000038,77700
430,2021-09-28,77700,77800,76200,75939,15406382,0,-1.8,1175.9,0.05,4443.109863,34869.37109,14969.96973,1.483999968,76300
431,2021-09-29,74800,75300,73800,74100,23992458,361,-2.88,1182,0.52,4352.629883,34299.98828,14546.67969,1.534000039,74100
432,2021-09-30,74300,74800,73700,74100,19919361,0,0,1184.9,0.24,4359.459961,34390.71875,14512.44043,1.541000009,74100
433,2021-10-01,73900,74000,72900,73200,15803395,0,-1.21,1185.2,0.03,4307.540039,33843.92188,14448.58008,1.529000044,73200
434,2021-10-05,73000,73000,71400,72200,24013921,0,-1.37,1187.2,0.17,4357.040039,34326.46094,14566.7002,1.478999972,72200
435,2021-10-06,72600,72800,71200,71300,18956962,0,-1.25,1187.1,-0.01,4345.720215,34314.67188,14433.83008,1.529000044,71300
436,2021-10-07,71600,72100,71300,71600,13683532,0,0.42,1190,0.24,4363.549805,34416.98828,14501.91016,1.524000049,71600
437,2021-10-08,72300,72400,71500,71500,14043287,0,-0.14,1190.3,0.03,4399.759766,34754.94141,14654.01953,1.57099998,71500
438,2021-10-12,70700,70900,68700,69000,31001484,0,-3.5,1193.4,0.26,4391.339844,34746.25,14579.54004,1.605000019,69000
439,2021-10-13,68700,69600,68300,68800,24172015,0,-0.29,1199.1,0.48,4350.649902,34378.33984,14465.91992,1.580000043,68800
440,2021-10-14,69000,69800,68800,69400,19520641,0,0.87,1195,-0.34,4363.799805,34377.80859,14571.63965,1.549000025,69400
441,2021-10-15,70200,71000,70000,70100,18051612,0,1.01,1188.3,-0.56,4438.259766,34912.55859,14823.42969,1.519000053,70100
442,2021-10-18,70200,70300,69200,70200,13486391,0,0.14,1182.8,-0.46,4471.370117,35294.76172,14897.33984,1.575999975,70200
443,2021-10-19,70800,71000,70400,70600,9507991,0,0.57,1185.8,0.25,4486.459961,35258.60938,15021.80957,1.583999991,70600
444,2021-10-20,70700,71000,70200,70300,10151638,0,-0.42,1181.7,-0.35,4519.629883,35457.30859,15129.08984,1.63499999,70300
445,2021-10-21,70300,70600,70000,70200,10891094,0,-0.14,1175.6,-0.52,4536.189941,35609.33984,15121.67969,1.636000037,70200
446,2021-10-22,70000,70700,70000,70400,8395448,0,0.28,1175.8,0.02,4549.779785,35603.07813,15215.7002,1.675999999,70400
447,2021-10-25,69900,70600,69500,70200,10029621,0,-0.28,1178.4,0.22,4544.899902,35677.01953,15090.2002,1.654999971,70200
448,2021-10-26,70600,71500,70400,71100,10528252,0,1.28,1171.8,-0.56,4566.47998,35741.14844,15226.70996,1.63499999,71100
449,2021-10-27,71000,71000,70000,70100,10295316,0,-1.41,1166.3,-0.47,4574.790039,35756.87891,15235.70996,1.618999958,70100
450,2021-10-28,69500,72200,69500,70700,20644902,0,0.86,1168.1,0.15,4551.680176,35490.69141,15235.83984,1.529000044,70700
451,2021-10-29,71200,71600,69700,69800,17016151,0,-1.27,1171.7,0.31,4596.419922,35730.48047,15448.12012,1.567999959,69800
452,2021-11-01,70200,70600,69900,69900,11503729,0,0.14,1169.6,-0.18,4605.379883,35819.55859,15498.38965,1.557000041,69900
453,2021-11-02,70800,72200,70700,71500,16812570,0,2.29,1176.3,0.57,4613.669922,35913.83984,15595.91992,1.575000048,71500
454,2021-11-03,71700,71700,70100,70400,12770428,0,-1.54,1175.5,-0.07,4630.649902,36052.62891,15649.59961,1.549000025,70400
455,2021-11-04,71200,71600,70500,70600,11818987,0,0.28,1181.1,0.47,4660.569824,36157.57813,15811.58008,1.578999996,70600
456,2021-11-05,71600,71600,70200,70200,12667743,0,-0.57,1180,-0.09,4680.060059,36124.23047,15940.30957,1.524000049,70200
457,2021-11-08,70400,70600,69800,70600,11121981,0,0.57,1185.2,0.44,4697.529785,36327.94922,15971.58984,1.452999949,70600
458,2021-11-09,70300,71000,70100,70500,11159589,0,-0.14,1184.3,-0.08,4701.700195,36432.21875,15982.36035,1.496999979,70500
459,2021-11-10,70300,70900,70200,70200,9422009,0,-0.43,1178.4,-0.5,4685.25,36319.98047,15886.54004,1.432000041,70200
460,2021-11-11,69900,70000,69600,69900,11489122,0,-0.43,1181,0.22,4646.709961,36079.94141,15622.70996,1.559999943,69900
461,2021-11-12,70200,70900,69900,70600,10087450,0,1,1184.7,0.31,4649.27002,35921.23047,15704.28027,1.559999943,70600
462,2021-11-15,71700,71900,70900,71400,12420710,0,1.13,1179.6,-0.43,4682.850098,36100.30859,15860.95996,1.582000017,71400
463,2021-11-16,71500,72000,71300,71300,10919239,0,-0.14,1180.2,0.05,4682.799805,36087.44922,15853.84961,1.623000026,71300
464,2021-11-17,71300,71600,70600,70700,11027606,0,-0.84,1179.6,-0.05,4700.899902,36142.21875,15973.86035,1.633999944,70700
465,2021-11-18,70700,71000,70200,70200,10144957,0,-0.71,1183.6,0.34,4688.669922,35931.05078,15921.57031,1.603999972,70200
466,2021-11-19,70400,71400,70100,71200,11954728,0,1.42,1180.5,-0.26,4704.540039,35870.94922,15993.70996,1.588999987,71200
467,2021-11-22,73300,75200,73000,74900,27506623,0,5.2,1183.5,0.25,4697.959961,35601.98047,16057.44043,1.536000013,74900
468,2021-11-23,76000,76000,74500,75300,22029195,0,0.53,1187.4,0.33,4682.939941,35619.25,15854.75977,1.625,75300
469,2021-11-24,76000,76200,74100,74800,15652305,0,-0.66,1188.9,0.13,4690.700195,35813.80078,15775.13965,1.667000055,74800
470,2021-11-25,75100,75100,73600,73700,12559258,0,-1.47,1188.5,-0.03,4701.459961,35804.37891,15845.23047,1.644999981,73700
471,2021-11-26,73500,74100,72000,72300,13002242,0,-1.9,1189.7,0.1,4701.459961,35804.37891,15845.23047,,72300
472,2021-11-29,71700,73000,71400,72300,16682559,0,0,1193,0.28,4594.620117,34899.33984,15491.66016,1.481999993,72300
473,2021-11-30,73200,73900,70500,71300,30364841,0,-1.38,1193.4,0.03,4655.27002,35135.94141,15782.83008,1.529999971,71300
474,2021-12-01,72000,74800,71600,74400,21954856,0,4.35,1187.7,-0.48,4567,34483.71875,15537.69043,1.442999959,74400
475,2021-12-02,73900,75800,73800,75800,23652940,0,1.88,1180.3,-0.63,4513.040039,34022.03906,15254.0498,1.434000015,75800
476,2021-12-03,75600,76000,74100,75600,18330240,0,-0.26,1177.3,-0.25,4577.100098,34639.78906,15381.32031,1.447999954,75600
477,2021-12-06,75100,76700,74900,76300,16391250,0,0.93,1178.6,0.11,4538.430176,34580.07813,15085.46973,1.343000054,76300
478,2021-12-07,76100,77700,75600,77400,19232453,0,1.44,1183.7,0.43,4591.669922,35227.03125,15225.15039,1.434000015,77400
479,2021-12-08,78300,78600,77100,77400,21558340,0,0,1181.2,-0.21,4686.75,35719.42969,15686.91992,1.480000019,77400
480,2021-12-09,77400,78200,77000,78200,21604528,0,1.03,1176.4,-0.41,4701.209961,35754.75,15786.99023,1.508999944,78200
481,2021-12-10,77400,77600,76800,76900,9155219,0,-1.66,1173.8,-0.22,4667.450195,35754.69141,15517.37012,1.486999989,76900
482,2021-12-13,,,,,,0,,1177.329956,,4712.02002,35970.98828,15630.59961,1.488999963,76800
483,2021-12-14,,,,,,0,,1178.969971,,4668.970215,35650.94922,15413.28027,1.424000025,77000
